title,price,tikinow,freeship,reviews,product_id,link,rating_value,image url,badge under price,discount percentage,installment,free gifts,dis_percentage
AdMáy tính bảng Vankyo MatrixPad S20 - Hàng Chính Hãng,3490000,No,No,5,5720984655915,https://tiki.vn/may-tinh-bang-vankyo-matrixpad-s20-hang-chinh-hang-p72042076.html?spid=72042077&src=ss-ads,4.6,https://salt.tikicdn.com/cache/280x280/ts/product/83/1d/47/b6ee30f0007f9d8813b8abaa0f101dd8.jpg,No,,No,No,34
Điện Thoại Oppo A12 (3GB/32GB) - Hàng Chính Hãng,2550000,Yes,No,164,7222067238834,https://tiki.vn/dien-thoai-oppo-a12-3gb-32gb-hang-chinh-hang-xanh-duong-p53827214.html?src=ss-organic,4.7,https://salt.tikicdn.com/cache/280x280/ts/product/aa/f2/95/c0c73883ea383b2eedbeda927ab615dd.jpg,No,,No,No,15
Điện Thoại iPhone 12 Pro Max 128GB - Hàng Chính Hãng,29990000,Yes,Yes,419,5659170738265,https://tiki.vn/dien-thoai-iphone-12-pro-max-128gb-hang-chinh-hang-p70771651.html?src=ss-organic,5,https://salt.tikicdn.com/ts/upload/f3/74/46/f4c52053d220e94a047410420eaf9faf.png,No,,Yes,No,12
Điện Thoại Samsung Galaxy A51 (6GB/128GB) - Hàng Chính Hãng,5950000,Yes,No,226,6324361101683,https://tiki.vn/dien-thoai-samsung-galaxy-a51-128gb-6gb-hang-chinh-hang-p45339109.html?src=ss-organic,4.6,https://salt.tikicdn.com/cache/280x280/ts/product/3c/63/c6/945022e908a056d35e7ac76be6f6d23f.jpg,No,,Yes,No,26
Điện Thoại Vsmart Live 4 (6GB/64GB) - Hàng Chính Hãng,3390000,Yes,No,859,9388231832982,https://tiki.vn/dien-thoai-vsmart-live-4-hang-chinh-hang-p63839533.html?src=ss-organic,4.7,https://salt.tikicdn.com/cache/280x280/ts/product/cd/92/da/3360d9dcb541dd5d2aaa59ae0ad6b1c5.jpg,Yes,,No,No,29
Điện Thoại Realme C11 (2GB/32GB) - Hàng Chính Hãng,2190000,Yes,No,82,4080135903847,https://tiki.vn/dien-thoai-realme-c11-2gb-32gb-hang-chinh-hang-p58065346.html?src=ss-organic,4.8,https://salt.tikicdn.com/cache/280x280/ts/product/c5/a1/cd/b9f3e343440b02c54f95a9034990e0d5.jpg,No,,No,No,19
Điện Thoại Samsung Galaxy M31 (6GB/128GB) - Hàng Chính Hãng,4790000,Yes,No,1594,1510492616997,https://tiki.vn/dien-thoai-samsung-galaxy-m31-6gb-128gb-hang-chinh-hang-p58259141.html?src=ss-organic,4.7,https://salt.tikicdn.com/cache/280x280/ts/product/50/86/f1/8c08d595e64661d3d0d9438ca2194de3.jpg,Yes,,Yes,No,26
Điện thoại Xiaomi Redmi 9A (2GB/32GB) - Hàng chính hãng,1950000,No,No,No,6693737306374,https://tiki.vn/dien-thoai-xiaomi-redmi-9a-2gb-32gb-hang-chinh-hang-p57809866.html?src=ss-organic,0,https://salt.tikicdn.com/cache/280x280/ts/product/0c/cd/34/0b6abf38aaba0a3507c7c2610a15dc9f.jpg,No,,No,No,2
Điện Thoại iPhone 11 64GB  - Hàng  Chính Hãng,16290000,Yes,No,592,7227671929864,https://tiki.vn/dien-thoai-iphone-11-64gb-hang-chinh-hang-p32033717.html?src=ss-organic,4.8,https://salt.tikicdn.com/cache/280x280/ts/product/0c/62/39/31879ad1c9cf92b35e58749268ba4ff7.jpg,No,,Yes,No,29
Điện Thoại iPhone 12 Pro Max 256GB - Hàng Chính Hãng,32490000,Yes,Yes,384,6411469851647,https://tiki.vn/dien-thoai-iphone-12-pro-max-256gb-hang-chinh-hang-p71197117.html?src=ss-organic,4.9,https://salt.tikicdn.com/ts/upload/f3/74/46/f4c52053d220e94a047410420eaf9faf.png,No,,Yes,No,14
Điện thoại Xiaomi POCO M3 - HÀNG CHÍNH HÃNG,3209000,Yes,No,15,9242399598718,https://tiki.vn/dien-thoai-xiaomi-poco-m3-hang-chinh-hang-p74240829.html?src=ss-organic,5,https://salt.tikicdn.com/cache/280x280/ts/product/16/a0/81/3683e22e52b8a6593a347578eb599ecc.JPG,No,,Yes,No,20
Điện Thoại Vsmart Joy 4 - Hàng Chính Hãng,2590000,Yes,No,1354,6698038721819,https://tiki.vn/dien-thoai-vsmart-joy-4-hang-chinh-hang-p67910637.html?src=ss-organic,4.7,https://salt.tikicdn.com/cache/280x280/ts/product/52/db/ed/250ed1f223e0711ac9f3ea93ade7074d.jpg,No,,No,No,21
Điện Thoại Samsung Galaxy S20 FE - Hàng Chính Hãng,11490000,Yes,No,327,3893355119421,https://tiki.vn/dien-thoai-samsung-galaxy-s20-fe-hang-chinh-hang-p68693081.html?src=ss-organic,4.7,https://salt.tikicdn.com/cache/280x280/ts/product/14/8b/ba/29bd9f2e0707fc37cdb58d339ae81c90.jpg,Yes,,Yes,Yes,28
Điện Thoại Samsung Galaxy S21 Ultra 5G (12GB/128GB) - Hàng Chính Hãng,24950000,No,No,No,1147764601506,https://tiki.vn/dien-thoai-samsung-galaxy-s21-ultra-hang-chinh-hang-p74810915.html?src=ss-organic,0,https://salt.tikicdn.com/cache/280x280/ts/product/c5/f1/57/e1ce9edeb8c87db9ec4adf5bbe6a1344.png,No,,No,No,19
Điện Thoại Samsung Galaxy A10s (2GB/32GB) - Hàng Chính Hãng,2390000,Yes,No,285,7516299415539,https://tiki.vn/dien-thoai-samsung-galaxy-a10s-32gb-2gb-hang-chinh-hang-p25918805.html?src=ss-organic,4.7,https://salt.tikicdn.com/cache/280x280/ts/product/e3/a5/b4/e4bbe8c4dc2d9199d29d15c577daf0ea.jpg,No,,No,No,35
Điện Thoại iPhone 12 Pro 128GB - Hàng Chính Hãng,26990000,Yes,Yes,163,3951268946876,https://tiki.vn/dien-thoai-iphone-12-pro-128gb-hang-chinh-hang-p71198345.html?src=ss-organic,5,https://salt.tikicdn.com/ts/upload/f3/74/46/f4c52053d220e94a047410420eaf9faf.png,No,,Yes,No,13
Điện Thoại iPhone 12 64GB - Hàng  Chính Hãng,20490000,Yes,Yes,156,7476447002793,https://tiki.vn/dien-thoai-iphone-12-hang-chinh-hang-p70766415.html?src=ss-organic,5,https://salt.tikicdn.com/ts/upload/f3/74/46/f4c52053d220e94a047410420eaf9faf.png,No,,Yes,No,18
Điện Thoại iPhone 12 Mini 64GB - Hàng Chính Hãng,16990000,Yes,Yes,67,1861495616225,https://tiki.vn/dien-thoai-iphone-12-mini-64gb-hang-chinh-hang-p71201117.html?src=ss-organic,4.7,https://salt.tikicdn.com/ts/upload/f3/74/46/f4c52053d220e94a047410420eaf9faf.png,No,,Yes,No,23
Điện Thoại Oppo A73 2020 (6GB/128GB) - Hàng Chính Hãng,4490000,Yes,No,515,2984500051909,https://tiki.vn/dien-thoai-oppo-a73-2020-6gb-128gb-hang-chinh-hang-p71159365.html?src=ss-organic,4.8,https://salt.tikicdn.com/cache/280x280/ts/product/df/48/86/d5d78cf9deede069da2e3b46346f96f0.jpg,No,,Yes,No,18
Điện Thoại Oppo A93 2020 (8GB/128GB) - Hàng Chính Hãng,5590000,Yes,No,91,5164589212225,https://tiki.vn/dien-thoai-oppo-a93-2020-8gb-128gb-hang-chinh-hang-p68596326.html?src=ss-organic,4.8,https://salt.tikicdn.com/cache/280x280/ts/product/58/76/44/f3f0452e127c308e933073d2f72410f8.jpg,No,,Yes,No,25
Điện Thoại iPhone 11 128GB - Hàng Chính Hãng,17990000,Yes,No,342,3944486607964,https://tiki.vn/dien-thoai-iphone-11-128gb-hang-chinh-hang-p32033730.html?src=ss-organic,4.8,https://salt.tikicdn.com/cache/280x280/ts/product/0c/62/39/499c08d6ec13cd33b33ee601d9e4251e.jpg,No,,Yes,No,25
Điện Thoại Samsung Galaxy M11 (3GB/32GB) - Hàng Chính Hãng,2790000,Yes,No,974,4387243444522,https://tiki.vn/dien-thoai-samsung-galaxy-m11-3gb-32gb-hang-chinh-hang-p52717588.html?src=ss-organic,4.7,https://salt.tikicdn.com/cache/280x280/ts/product/9a/d8/a2/ee6fd1f6a847e1d234c46eb5666cb129.jpg,Yes,,No,No,24
Điện thoại Vsmart Aris (8GB/128GB) - Hàng Chính Hãng,5790000,Yes,No,75,3224729988112,https://tiki.vn/dien-thoai-vsmart-aris-8gb-128gb-hang-chinh-hang-p73113762.html?src=ss-organic,4.7,https://salt.tikicdn.com/cache/280x280/ts/product/36/96/0d/2844545518e34ff3a4fb8679d10f4a53.jpg,No,,No,No,23
Điện thoại Xiaomi POCO X3 - Hàng Chính Hãng ,4990000,No,No,1,3263372026727,https://tiki.vn/dien-thoai-xiaomi-poco-x3-128gb-ram-6gb-hang-chinh-hang-p67057190.html?src=ss-organic,0,https://salt.tikicdn.com/cache/280x280/ts/product/01/ca/08/6fdc7404415e546bb209c5253219fad1.png,No,,No,No,25
Điện thoại Vivo Y1S - Hàng chính hãng,2073700,Yes,No,19,2475291908928,https://tiki.vn/dien-thoai-vivo-y1s-hang-chinh-hang-p58444960.html?src=ss-organic,4.7,https://salt.tikicdn.com/cache/280x280/ts/product/ac/e0/57/6f377a45a456cda76c40bbd79b64a0a3.png,No,,No,No,23
Điện Thoại Nokia 105 Dual Sim (2019) - Hàng Chính Hãng,350000,Yes,No,328,7578609335289,https://tiki.vn/dien-thoai-nokia-105-dual-sim-2019-hang-chinh-hang-p25730627.html?src=ss-organic,4.7,https://salt.tikicdn.com/cache/280x280/ts/product/a5/1b/4b/925051cd75d938700de042def6dd3428.jpg,No,,No,No,3
Điện Thoại Nokia 105 Single Sim - Hàng Chính Hãng,330000,Yes,No,324,7139436320222,https://tiki.vn/dien-thoai-nokia-105-single-sim-2019-hang-chinh-hang-p34942696.html?src=ss-organic,4.6,https://salt.tikicdn.com/cache/280x280/ts/product/d8/4d/b3/2e6197b0211b70555b6a1c2fa44b9a54.jpg,No,,No,No,8
Máy đọc sách Kindle Oasis 3 (2019) - Amazon - Hàng nhập khẩu,6150000,Yes,No,91,1096925155627,https://tiki.vn/may-doc-sach-kindle-oasis-3-2019-amazon-hang-nhap-khau-p43924153.html?src=ss-organic,4.8,https://salt.tikicdn.com/cache/280x280/ts/product/93/b9/e5/0fd5b3441b6567eb7f2c306ca821670a.jpg,Yes,,No,Yes,25
Điện Thoại Xiaomi Redmi 9C - Hàng Chính Hãng,2490000,No,No,No,8805389674574,https://tiki.vn/dien-thoai-xiaomi-redmi-9c-hang-chinh-hang-p59519631.html?src=ss-organic,0,https://salt.tikicdn.com/cache/280x280/ts/product/f9/a9/14/133b750b34ce7335379eed3de42530fb.png,No,,No,No,0
Điện Thoại Xiaomi Redmi 9 - Hàng Chính Hãng,2890000,No,No,7,1091071504787,https://tiki.vn/dien-thoai-xiaomi-redmi-9-hang-chinh-hang-p57127752.html?src=ss-organic,5,https://salt.tikicdn.com/cache/280x280/ts/product/3d/16/fa/e7c99ea56aee99a21836786af1f99366.png,No,,No,No,19
iPad Air 10.9 Wi-Fi 64GB New 2020 - Hàng Chính Hãng,14990000,Yes,No,101,6973884153466,https://tiki.vn/ipad-air-10-9-wi-fi-64gb-new-2020-hang-chinh-hang-p68171118.html?src=ss-organic,4.8,https://salt.tikicdn.com/cache/280x280/ts/product/8a/dd/2b/f7f3644029d510bc7655402d71c28764.jpg,No,,Yes,No,17
Điện Thoại Realme C12 (3GB/32GB) - Hàng Chính Hãng,2650000,Yes,No,56,9917912903989,https://tiki.vn/dien-thoai-realme-c12-hang-chinh-hang-p63453468.html?src=ss-organic,4.8,https://salt.tikicdn.com/cache/280x280/ts/product/74/d7/d9/dc06485711b16a15283521a70be84cdf.jpg,No,,No,No,24
"Máy Tính Bảng Samsung Galaxy Tab A8 8"" T295 - Hàng Chính Hãng",3490000,No,No,7,4768055136698,https://tiki.vn/may-tinh-bang-samsung-galaxy-tab-a8-8-t295-2019-hang-chinh-hang-p21464946.html?src=ss-organic,3.9,https://salt.tikicdn.com/cache/280x280/ts/product/05/f4/a0/4d066ca1f0249c6ff49af104b8b0c431.jpg,No,,Yes,No,5
Máy Tính Bảng Samsung Galaxy Tab A 8 Plus P205 (Có S Pen) - Hàng Chính Hãng,4990000,Yes,No,105,4125797168125,https://tiki.vn/may-tinh-bang-samsung-galaxy-a-8-plus-co-s-pen-hang-chinh-hang-p13561036.html?src=ss-organic,4.7,https://salt.tikicdn.com/cache/280x280/ts/product/33/c8/a0/c446d323441685f81c507bdc74194046.jpg,No,,Yes,No,29
Điện Thoại Samsung Galaxy A12 (4GB/128GB) - Hàng Chính Hãng,4190000,Yes,No,37,7318272837679,https://tiki.vn/dien-thoai-samsung-galaxy-a12-4gb-128gb-hang-chinh-hang-p74932860.html?src=ss-organic,4.8,https://salt.tikicdn.com/cache/280x280/ts/product/da/a6/22/73818b7c5a8b7d6d5c34952d85168c2d.jpg,No,,Yes,No,2
Điện thoại Vsmart Star 4 (4GB/64GB) - Hàng Chính Hãng,2384000,Yes,No,798,2955187124217,https://tiki.vn/dien-thoai-vsmart-star-4-4gb-64gb-hang-chinh-hang-p59043375.html?src=ss-organic,4.7,https://salt.tikicdn.com/cache/280x280/ts/product/c4/bc/cc/21e30a265d74c43a2f01b1dac081a37d.jpg,No,,No,No,11
Điện Thoại iPhone 12 Pro 256GB - Hàng Chính Hãng,28490000,Yes,Yes,83,1031627967543,https://tiki.vn/dien-thoai-iphone-12-pro-256gb-hang-chinh-hang-p71198812.html?src=ss-organic,4.8,https://salt.tikicdn.com/ts/upload/f3/74/46/f4c52053d220e94a047410420eaf9faf.png,No,,Yes,No,19
Điện Thoại Xiaomi POCO X3 NFC (6GB/128GB) - Hàng Chính Hãng,5590000,Yes,No,30,6801872091363,https://tiki.vn/dien-thoai-xiaomi-poco-x3-nfc-6gb-128gb-hang-chinh-hang-p73655906.html?src=ss-organic,4.7,https://salt.tikicdn.com/cache/280x280/ts/product/20/db/8c/aa3b2c3a4c0813f79c3b3071c37f142c.jpg,No,,No,Yes,20
iPad Pro 11 inch (2020) 128GB Wifi  - Hàng  Chính Hãng,20490000,Yes,No,27,9882684627206,https://tiki.vn/ipad-pro-11-inch-2020-128gb-wifi-hang-chinh-hang-p74558946.html?src=ss-organic,5,https://salt.tikicdn.com/cache/280x280/ts/product/99/0e/80/9c67bc593e297707aaad0f0e24b4789e.jpg,No,,Yes,No,7
Điện Thoại Samsung Galaxy A12 (4GB/128GB) - ĐÃ KÍCH HOẠT BẢO HÀNH ĐIỆN TỬ - Hàng Chính Hãng,3650000,Yes,No,39,8737462044335,https://tiki.vn/dien-thoai-samsung-galaxy-a12-4gb-128gb-da-kich-hoat-bao-hanh-dien-tu-hang-chinh-hang-p74935377.html?src=ss-organic,4.7,https://salt.tikicdn.com/cache/280x280/ts/product/b6/ac/58/a781e8737a2409136f50428085437da7.jpg,No,,Yes,No,15
Điện Thoại iPhone 12 128GB - Hàng Chính Hãng,21990000,Yes,Yes,260,1798087185398,https://tiki.vn/dien-thoai-iphone-12-128gb-hang-chinh-hang-p71198347.html?src=ss-organic,4.8,https://salt.tikicdn.com/ts/upload/f3/74/46/f4c52053d220e94a047410420eaf9faf.png,No,,Yes,No,19
Điện Thoại iPhone XR 64GB - Hàng Chính Hãng VN/A,12290000,Yes,No,314,5477819566587,https://tiki.vn/dien-thoai-iphone-xr-64gb-hang-chinh-hang-p4538233.html?src=ss-organic,4.8,https://salt.tikicdn.com/cache/280x280/ts/product/ed/59/90/dbb02d5332621df9b6632d846236e132.jpg,No,,Yes,No,47
Điện thoại Xiaomi Redmi Note 9S - Hàng Chính Hãng,4750000,No,No,No,3424737663784,https://tiki.vn/dien-thoai-xiaomi-redmi-note-9s-hang-chinh-hang-p51553387.html?src=ss-organic,0,https://salt.tikicdn.com/cache/280x280/ts/product/c2/9d/c2/40e1f21bef91d798bfcfe9fa7a9be95a.jpg,No,,No,No,13
Điện Thoại Vsmart Active 3 - Hàng Chính Hãng,3089000,No,No,6,5180403403167,https://tiki.vn/dien-thoai-vsmart-active-3-hang-chinh-hang-p46753117.html?src=ss-organic,4.2,https://salt.tikicdn.com/cache/280x280/ts/product/25/1e/b7/6584848947954fac3ef811154bb850d6.jpg,No,,No,No,38
Điện Thoại iPhone 11 64GB  - Hàng Nhập Khẩu,15550000,No,Yes,60,9706255557276,https://tiki.vn/dien-thoai-iphone-11-64gb-hang-nhap-khau-p34016501.html?src=ss-organic,4.7,https://salt.tikicdn.com/ts/upload/f3/74/46/f4c52053d220e94a047410420eaf9faf.png,Yes,,Yes,No,32
Điện Thoại Nokia 5.4 (4GB/128GB) - Hàng Chính Hãng,3490000,No,No,No,9470471251811,https://tiki.vn/dien-thoai-nokia-5-4-4gb-128gb-hang-chinh-hang-p75540783.html?src=ss-organic,0,https://salt.tikicdn.com/cache/280x280/ts/product/28/86/95/1f6ea474624f8cdee6fe51179eed72cb.jpg,No,,No,No,30
Điện Thoại Oppo Reno 5 (8GB/128G) - Hàng Chính Hãng,7390000,Yes,No,20,5624191820930,https://tiki.vn/dien-thoai-oppo-reno-5-8gb-128g-hang-chinh-hang-p74489817.html?src=ss-organic,5,https://salt.tikicdn.com/cache/280x280/ts/product/83/ca/55/7cf04cfb464a9385452ed6ef24e8e450.jpg,No,,Yes,No,18
Điện Thoại Vsmart Joy 3 - Hàng chính hãng,2090000,No,No,19,2774023213270,https://tiki.vn/dien-thoai-vsmart-joy-3-hang-chinh-hang-p48524359.html?src=ss-organic,3.9,https://salt.tikicdn.com/cache/280x280/ts/product/5a/7b/e1/5acd19c60380413b3e72ac3460da0f62.jpg,Yes,,No,No,9
Điện Thoại Vsmart Star 4 (2GB/16GB) - Hàng Chính Hãng,1799000,No,No,44,7624605765725,https://tiki.vn/dien-thoai-vsmart-star-4-2gb-16gb-hang-chinh-hang-p59043368.html?src=ss-organic,4.7,https://salt.tikicdn.com/cache/280x280/ts/product/c4/bc/cc/4d9c6ddebc9904b929c1823a8d1889f9.jpg,No,,No,No,3
Điện Thoại Samsung Galaxy A11 (32GB/3GB) - Hàng Chính Hãng - (Đã kích hoạt bảo hành điện tử),2669000,Yes,Yes,6,9258229891966,https://tiki.vn/dien-thoai-samsung-galaxy-a11-32gb-3gb-hang-chinh-hang-da-kich-hoat-bao-hanh-dien-tu-p54913203.html?src=ss-organic,5,https://salt.tikicdn.com/ts/upload/f3/74/46/f4c52053d220e94a047410420eaf9faf.png,No,,No,No,28
Điện Thoại Samsung Galaxy Note 20 (8GB/256GB) - ĐÃ KÍCH HOẠT BẢO HÀNH ĐIỆN TỬ - Hàng Chính Hãng,15990000,Yes,Yes,45,6690336097450,https://tiki.vn/dien-thoai-samsung-galaxy-note-20-256gb-8gb-hang-chinh-hang-da-kich-hoat-bao-hanh-dien-tu-p62263771.html?src=ss-organic,4.7,https://salt.tikicdn.com/ts/upload/f3/74/46/f4c52053d220e94a047410420eaf9faf.png,No,,Yes,No,33
Điện thoại Xiaomi Redmi Note 9 Pro - Hàng Chính Hãng,5790000,No,No,No,2711362993685,https://tiki.vn/dien-thoai-xiaomi-redmi-note-9-pro-hang-chinh-hang-p55138557.html?src=ss-organic,0,https://salt.tikicdn.com/cache/280x280/ts/product/43/86/13/31d0777f983647c58050a42c7c17073c.jpg,No,,No,No,17
Điện Thoại Nokia 150 (2020) -  Hàng Chính Hãng,605000,Yes,No,177,3135503316420,https://tiki.vn/dien-thoai-nokia-150-2020-hang-chinh-hang-p55665054.html?src=ss-organic,4.7,https://salt.tikicdn.com/cache/280x280/ts/product/0e/a0/ba/326beb945cdc4e581af187ace71e6fe1.jpg,No,,No,No,8
Điện Thoại Oppo A91 (8GB/128G) - Hàng Chính Hãng,4690000,Yes,No,70,5945332993574,https://tiki.vn/dien-thoai-oppo-a91-8gb-128g-hang-chinh-hang-p73091235.html?src=ss-organic,4.5,https://salt.tikicdn.com/cache/280x280/ts/product/55/0e/79/6b42a0a35fa6121a34b67934da4e2182.jpg,Yes,,Yes,No,33
Điện Thoại iPhone SE 256G ( 2020) - Hàng Nhập Khẩu,12200000,No,Yes,15,6139268385605,https://tiki.vn/dien-thoai-iphone-se-256g-2020-hang-nhap-khau-p53515396.html?src=ss-organic,5,https://salt.tikicdn.com/ts/upload/f3/74/46/f4c52053d220e94a047410420eaf9faf.png,No,,Yes,No,30
iPad 10.2 Inch WiFi/Cellular 32GB New 2019 - Hàng Nhập Khẩu Chính Hãng,9990000,Yes,No,31,5837921811843,https://tiki.vn/ipad-10-2-inch-wifi-cellular-32gb-new-2019-hang-nhap-khau-chinh-hang-p32648364.html?src=ss-organic,4.8,https://salt.tikicdn.com/cache/280x280/ts/product/da/f3/46/519f0f7afd64645cc9b3b1011a803d36.JPG,Yes,,Yes,No,17
Điện Thoại iPhone 12 Mini 128GB - Hàng Chính Hãng,19700000,No,Yes,2,7220544168629,https://tiki.vn/dien-thoai-iphone-12-mini-128gb-hang-chinh-hang-p71201344.html?src=ss-organic,0,https://salt.tikicdn.com/ts/upload/f3/74/46/f4c52053d220e94a047410420eaf9faf.png,No,,Yes,No,18
Điện Thoại Xiaomi Redmi Note 10 Pro (6GB/128GB) - Hàng Chính Hãng,6390000,No,No,No,5985140265162,https://tiki.vn/dien-thoai-xiaomi-redmi-note-10-pro-6gb-128gb-hang-chinh-hang-p84716247.html?src=ss-organic,0,https://salt.tikicdn.com/cache/280x280/ts/product/63/48/c5/53283c619eb9f3f47a1eb5e748f5f02d.jpg,No,,No,No,9
Điện Thoại iPhone 11 128GB  - Hàng Nhập Khẩu,16800000,No,Yes,34,2692455386181,https://tiki.vn/dien-thoai-iphone-11-128gb-hang-nhap-khau-p33996665.html?src=ss-organic,4.8,https://salt.tikicdn.com/ts/upload/f3/74/46/f4c52053d220e94a047410420eaf9faf.png,Yes,,Yes,No,33
Điện Thoại OPPO RENO 3 Pro (8GB/256GB) - Hàng Chính Hãng,6990000,Yes,No,30,5450410602052,https://tiki.vn/dien-thoai-oppo-reno-3-pro-8gb-256gb-hang-chinh-hang-p54028954.html?src=ss-organic,4.6,https://salt.tikicdn.com/cache/280x280/ts/product/34/b8/e7/0377d91e4e30c48bdd1577ba128ca3be.jpg,Yes,,Yes,No,53
Máy Đọc Sách Kindle Paperwhite Gen 10 - Hàng Nhập Khẩu,2999000,No,No,39,7400219184295,https://tiki.vn/may-doc-sach-kindle-paperwhite-gen-10-2019-hang-nhap-khau-p40639597.html?src=ss-organic,4.6,https://salt.tikicdn.com/cache/280x280/ts/product/92/2c/e2/7391c4aa1677fcf9fb71e4042d1187d8.jpg,No,,No,No,30
iPad Air 10.9 Wi-Fi 256GB New 2020 - Hàng Chính Hãng,18650000,Yes,No,55,4852946248819,https://tiki.vn/ipad-air-10-9-wi-fi-256gb-new-2020-hang-chinh-hang-p68174420.html?src=ss-organic,4.8,https://salt.tikicdn.com/cache/280x280/ts/product/e4/75/d1/964aa6876cdf55d3ce9ad8b315fca8e7.jpg,No,,Yes,No,15
Điện Thoại Realme C15 (4GB/64G) - Hàng Chính Hãng,3390000,Yes,No,24,4580080144529,https://tiki.vn/dien-thoai-realme-c15-4gb-64g-hang-chinh-hang-p73174156.html?src=ss-organic,4.6,https://salt.tikicdn.com/cache/280x280/ts/product/59/ec/01/dcdc5f21defb3e18d6cf43833cd0e92d.jpg,No,,Yes,No,19
Máy Tính Bảng Masstel Tab 10 4G - Hàng Chính Hãng,2450000,Yes,No,34,8345013909288,https://tiki.vn/may-tinh-bang-masstel-tab-10-4g-hang-chinh-hang-p76358835.html?src=ss-organic,4.6,https://salt.tikicdn.com/cache/280x280/ts/product/c1/bf/f5/49a279dea78b383333811138948672c2.jpg,Yes,,No,No,23
Điện thoại Vivo Y12s - Hàng Chính Hãng,3299000,Yes,No,22,6781434916559,https://tiki.vn/dien-thoai-vivo-y12s-hang-chinh-hang-p73320913.html?src=ss-organic,4.5,https://salt.tikicdn.com/cache/280x280/ts/product/b3/95/fc/70f6724a71608f645d6435ebf5e0039b.jpg,Yes,,No,No,23
"Điện thoại Forme A77 màn hình 5inch, Wifi, 3G, 2 sim  - Hàng chính hãng",729000,Yes,No,57,9139737398614,https://tiki.vn/dien-thoai-forme-a77-man-hinh-5inch-wifi-3g-2-sim-hang-chinh-hang-p71952008.html?src=ss-organic,3.6,https://salt.tikicdn.com/cache/280x280/ts/product/38/02/10/06a0021f0a164d92b67a17bd184e67d7.jpg,Yes,,No,No,26
Điện Thoại Nokia 2.4 (2GB/32GB) - Hàng Chính Hãng,2090000,Yes,No,95,9004579149635,https://tiki.vn/dien-thoai-nokia-2-4-hang-chinh-hang-p69271416.html?src=ss-organic,4.5,https://salt.tikicdn.com/cache/280x280/ts/product/c3/4c/c2/11c46f5ffe021c9eda1790e295a24fab.jpg,No,,No,No,22
Điện Thoại Samsung Galaxy Note 20 Ultra (8GB/256GB) - ĐÃ KÍCH HOẠT BẢO HÀNH ĐIỆN TỬ - Hàng Chính Hãng,20090000,No,Yes,5,5463004312770,https://tiki.vn/dien-thoai-samsung-galaxy-note-20-ultra-256gb-8gb-hang-chinh-hang-da-kich-hoat-bao-hanh-dien-tu-p62269749.html?src=ss-organic,4.6,https://salt.tikicdn.com/ts/upload/f3/74/46/f4c52053d220e94a047410420eaf9faf.png,No,,Yes,No,33
Điện thoại Xiaomi Redmi Note 9 (3GB/64GB) - Hàng Chính Hãng,3290000,Yes,No,179,4463341821585,https://tiki.vn/dien-thoai-xiaomi-redmi-note-9-3gb-64gb-hang-chinh-hang-p55584843.html?src=ss-organic,4.5,https://salt.tikicdn.com/cache/280x280/ts/product/c3/9d/ce/2f2cf3e1bf16b2a2a482641dca62fe73.png,Yes,,No,No,18
Điện Thoại iPhone 12 Pro Max 512GB - Hàng Chính Hãng,37990000,Yes,Yes,32,8958561338518,https://tiki.vn/dien-thoai-iphone-12-pro-max-512gb-hang-chinh-hang-p71197208.html?src=ss-organic,4.8,https://salt.tikicdn.com/ts/upload/f3/74/46/f4c52053d220e94a047410420eaf9faf.png,No,,Yes,No,14
Điện Thoại OPPO Reno 2 (8GB/256GB) - Hàng Chính Hãng,7790000,Yes,No,17,8522801881999,https://tiki.vn/dien-thoai-oppo-reno-2-hang-chinh-hang-p35729879.html?src=ss-organic,4.8,https://salt.tikicdn.com/cache/280x280/ts/product/c4/cf/e7/7d93f397d479304c844806bd99849d01.jpg,Yes,,Yes,No,48
Điện Thoại Xiaomi Redmi Note 10 (4GB/64GB) - Hàng Chính Hãng,4234700,Yes,No,4,1323368585132,https://tiki.vn/dien-thoai-xiaomi-redmi-note-10-4gb-64gb-hang-chinh-hang-p85042408.html?src=ss-organic,4.8,https://salt.tikicdn.com/cache/280x280/ts/product/08/52/3b/f1654b16b82e9a6a9d31a900489a49db.jpg,No,,Yes,No,10
Điện Thoại iPhone 11 Pro 64GB - Hàng Nhập Khẩu ,22400000,No,Yes,10,8350066662257,https://tiki.vn/dien-thoai-iphone-11-pro-64gb-hang-nhap-khau-p33815238.html?src=ss-organic,4.8,https://salt.tikicdn.com/ts/upload/f3/74/46/f4c52053d220e94a047410420eaf9faf.png,No,,Yes,No,32
Điện Thoại Nokia 3.4 - Hàng Chính Hãng,2690000,No,No,1,4188142339359,https://tiki.vn/dien-thoai-nokia-3-4-hang-chinh-hang-p73510754.html?src=ss-organic,0,https://salt.tikicdn.com/cache/280x280/ts/product/48/22/7c/0ddf107a81ccf15f9e2d27ba67e25d6b.jpg,No,,No,No,27
iPad 10.2 Inch WiFi 32GB (Gen 8) New 2020 - Hàng  Chính Hãng,8790000,Yes,No,456,5542679073459,https://tiki.vn/ipad-10-2-inch-wifi-32gb-gen-8-new-2020-hang-chinh-hang-p67707109.html?src=ss-organic,4.8,https://salt.tikicdn.com/cache/280x280/ts/product/2e/c7/85/1f62f17c11d1e475143ee8e6c23fd555.jpg,No,,Yes,No,20
Điện Thoại Samsung Galaxy A51 (6GB/128GB) - ĐÃ KÍCH HOẠT BẢO HÀNH ĐIỆN TỬ - Hàng Chính Hãng,6080000,Yes,Yes,4,1325135686486,https://tiki.vn/dien-thoai-samsung-galaxy-a51-6gb-128gb-da-kich-hoat-bao-hanh-dien-tu-hang-chinh-hang-p45695395.html?src=ss-organic,5,https://salt.tikicdn.com/ts/upload/f3/74/46/f4c52053d220e94a047410420eaf9faf.png,No,,No,No,24
Điện Thoại Samsung Galaxy A02s (4GB/64GB) -  ĐÃ KÍCH HOẠT BẢO HÀNH ĐIỆN TỬ - Hàng Chính Hãng,3290000,Yes,No,12,7614261851092,https://tiki.vn/dien-thoai-samsung-galaxy-a02s-4gb-64gb-da-kich-hoat-bao-hanh-dien-tu-hang-chinh-hang-p75321775.html?src=ss-organic,4.7,https://salt.tikicdn.com/cache/280x280/ts/product/3a/3c/44/cc38eecfd1eb86b6b7dcb8d10796181e.jpg,No,,No,No,21
Máy Tính Bảng Samsung Galaxy Tab S7 Wifi T870 (6GB/128GB) - Hàng Chính Hãng,14590000,Yes,No,6,6540022360710,https://tiki.vn/may-tinh-bang-samsung-galaxy-tab-s7-wifi-t870-6gb-128gb-hang-chinh-hang-p83492084.html?src=ss-organic,5,https://salt.tikicdn.com/cache/280x280/ts/product/e7/c0/ee/f3873073d5c010413784ac80ad0409f5.jpg,No,,Yes,No,3
Điện thoại Huawei P40 Pro (8GB/256GB) - Hàng Phân Phối Chính Hãng,19990000,Yes,No,1,5010098118186,https://tiki.vn/dien-thoai-huawei-p40-pro-8gb-256gb-hang-phan-phoi-chinh-hang-p74556870.html?src=ss-organic,0,https://salt.tikicdn.com/cache/280x280/ts/product/da/5d/a1/743dfc6ee720fd332ef15787801a091c.jpg,No,,Yes,No,17
Điện thoại Xiaomi Redmi Note 9 (4GB/128GB) - Hàng chính hãng,4290000,Yes,Yes,16,9133223285662,https://tiki.vn/dien-thoai-xiaomi-redmi-note-9-4gb-128gb-hang-chinh-hang-p55248506.html?src=ss-organic,4.8,https://salt.tikicdn.com/ts/upload/f3/74/46/f4c52053d220e94a047410420eaf9faf.png,No,,Yes,No,14
Điện Thoại OPPO RENO 4 (8GB/128GB) - Hàng Chính Hãng,6650000,Yes,No,81,9452783090197,https://tiki.vn/dien-thoai-oppo-reno-4-8gb-128gb-hang-chinh-hang-p58437155.html?src=ss-organic,4.8,https://salt.tikicdn.com/cache/280x280/ts/product/a9/51/ae/efe90af6caad60e6666ea31b8173a31c.jpg,No,,Yes,No,26
Điện Thoại Vivo Y20 (4GB/64GB) - Hàng Chính Hãng,3590000,No,No,No,2470420511871,https://tiki.vn/dien-thoai-vivo-y20-4gb-64gb-hang-chinh-hang-p70765398.html?src=ss-organic,0,https://salt.tikicdn.com/cache/280x280/ts/product/6a/17/c0/8db3ee8cbec1258c3cd682b089ce5c8c.jpg,No,,No,No,10
Điện Thoại Samsung Galaxy A31 (6GB/128GB) - ĐÃ KÍCH HOẠT BẢO HÀNH ĐIỆN TỬ - Hàng Chính Hãng,4990000,Yes,No,6,3607596405553,https://tiki.vn/dien-thoai-samsung-galaxy-a31-6gb-128gb-da-kich-hoat-bao-hanh-dien-tu-hang-chinh-hang-p54711313.html?src=ss-organic,5,https://salt.tikicdn.com/cache/280x280/ts/product/d4/a3/d5/111941d63aaffd468854f4b166ca89b9.jpg,No,,Yes,No,23
Điện Thoại Samsung Galaxy A72 (8GB/256GB) - Hàng Chính Hãng,10990000,Yes,No,No,5864360345274,https://tiki.vn/dien-thoai-samsung-galaxy-a72-8gb-256gb-hang-chinh-hang-p83470267.html?src=ss-organic,0,https://salt.tikicdn.com/cache/280x280/ts/product/28/49/6c/209e20d96d5baaa296fc025bd07d6471.jpg,No,,Yes,No,4
Máy đọc sách Kindle PaperWhite Gen 4 (10th) - Bản 8GB - Hàng chính hãng,3045000,No,No,27,1902845406445,https://tiki.vn/may-doc-sach-kindle-paperwhite-gen-4-10th-ban-8gb-2019-hang-chinh-hang-p6597807.html?src=ss-organic,4.7,https://salt.tikicdn.com/cache/280x280/ts/product/be/f2/ba/f7cacd4da64139b88acb667612d814ba.jpg,No,,Yes,No,24
Điện Thoại Realme 6I (4GB/128GB) - Hàng Chính Hãng ,3850000,Yes,No,29,6407611026254,https://tiki.vn/dien-thoai-realme-6i-4gb-128g-hang-chinh-hang-p54058645.html?src=ss-organic,4.8,https://salt.tikicdn.com/cache/280x280/ts/product/06/d4/f1/5084634b07e9670de72ef4d812360db9.jpg,No,,Yes,No,23
Máy Tính Bảng Samsung Galaxy Tab S6 Lite (SM-P615N) - Hàng Chính Hãng,8750000,No,No,10,5023901293505,https://tiki.vn/may-tinh-bang-samsung-galaxy-tab-s6-lite-sm-p615n-hang-chinh-hang-p53654257.html?src=ss-organic,5,https://salt.tikicdn.com/cache/280x280/ts/product/d1/e5/30/293c86afbc9494950fd6ada93bb330b5.jpg,Yes,,Yes,No,12
Điện Thoại Vsmart Star 5 (3GB/32GB) - Hàng Chính Hãng,2490000,No,No,No,9047509859306,https://tiki.vn/dien-thoai-vsmart-star-5-3gb-32gb-hang-chinh-hang-p85255906.html?src=ss-organic,0,https://salt.tikicdn.com/cache/280x280/ts/product/67/49/ef/f6ac7c4c1d3f40a0111e81d0b08d5acc.jpg,No,,No,No,7
Máy Đọc Sách All New Kindle 2019 (10th) – Hàng Chính Hãng,2249000,No,No,63,8455226866763,https://tiki.vn/may-doc-sach-all-new-kindle-2019-10th-hang-chinh-hang-p14507169.html?src=ss-organic,4.8,https://salt.tikicdn.com/cache/280x280/ts/product/41/e1/79/f4541de59d4c16cfd2d37797909540b2.jpg,Yes,,No,No,25
iPad Air 10.5 Wi-Fi 256GB New 2019 - Hàng Chính Hãng,14990000,Yes,No,5,5338091803398,https://tiki.vn/ipad-air-10-5-wi-fi-256gb-new-2019-hang-chinh-hang-p74558974.html?src=ss-organic,5,https://salt.tikicdn.com/cache/280x280/ts/product/90/5b/a7/e60fa5670e7c272ebe41c6a9909b9379.jpg,Yes,,Yes,No,12
iPad Pro 11 inch (2020) 128GB Wifi Cellular  - Hàng  Chính Hãng,23990000,Yes,No,1,6669924204747,https://tiki.vn/ipad-pro-11-inch-2020-128gb-wifi-cellular-hang-chinh-hang-p76307576.html?src=ss-organic,0,https://salt.tikicdn.com/cache/280x280/ts/product/89/3c/7d/9f7bcbdecd3c7f8430d8d1e6a0e6c7cd.jpg,No,,Yes,No,11
Điện thoại Vsmart Star 4 (3GB/32GB) - Hàng Chính Hãng,2090000,No,No,17,1884549142334,https://tiki.vn/dien-thoai-vsmart-star-4-3gb-32gb-hang-chinh-hang-p59043365.html?src=ss-organic,4.8,https://salt.tikicdn.com/cache/280x280/ts/product/14/50/80/afc6231938e536048c251fab5033f748.jpg,Yes,,No,No,9
Điện Thoại Nokia 6300 4G - Hàng Chính Hãng,1100000,Yes,No,65,4646373877724,https://tiki.vn/dien-thoai-nokia-6300-4g-hang-chinh-hang-p72888793.html?src=ss-organic,4.5,https://salt.tikicdn.com/cache/280x280/ts/product/1f/e0/8f/9e5d6a53ba9437ad78342d41ebc2685d.jpg,No,,No,No,15
Điện Thoại Xiaomi Redmi Note 10 (6GB/128GB) - Hàng Chính Hãng,4940000,No,No,No,9550380765962,https://tiki.vn/dien-thoai-xiaomi-redmi-note-10-6gb-128gb-hang-chinh-hang-p84709895.html?src=ss-organic,0,https://salt.tikicdn.com/cache/280x280/ts/product/63/02/c2/3643234181545ec3c168f5e86e2c429a.png,No,,No,No,10
Điện thoại Vsmart Aris Pro (8GB/128GB) - Hàng chính hãng,7990000,Yes,No,1,4049225099013,https://tiki.vn/dien-thoai-vsmart-aris-pro-8gb-128gb-hang-chinh-hang-p68165482.html?src=ss-organic,0,https://salt.tikicdn.com/cache/280x280/ts/product/ac/82/06/f1ec1b4ad34cc6cb1b21e50b81a90917.jpg,No,,No,No,20
Điện Thoại OPPO A9 2020 (8GB/128GB) - Hàng Chính Hãng,4690000,Yes,No,71,5903118724903,https://tiki.vn/dien-thoai-oppo-a9-2020-128g-8gb-hang-chinh-hang-p31276832.html?src=ss-organic,4.5,https://salt.tikicdn.com/cache/280x280/ts/product/5c/63/67/aad7c2586211ce63030180629e89f743.jpg,No,,Yes,No,41
Máy Tính Bảng Samsung Galaxy Tab A7 (3GB/64GB) SM-T505 ĐÃ KÍCH HOẠT BẢO HÀNH ĐIỆN TỬ - Hàng Chính Hãng,6390000,No,No,21,7811176834350,https://tiki.vn/may-tinh-bang-samsung-galaxy-tab-a7-3gb-64gb-sm-t505-da-kich-hoat-bao-hanh-dien-tu-hang-chinh-hang-p74034401.html?src=ss-organic,4.8,https://salt.tikicdn.com/cache/280x280/ts/product/38/fb/93/3116b5c745be5e48f6492186d7f0d58a.jpg,No,,Yes,No,20
